created,job_id,title,budget_usd,resell_allowed,status,applicants,url,description_excerpt,date_read
2026-09-15,351148,Automotive Lightbiz Badges,25,True,approved,23,https://www.cgtrader.com/3d-modeling-jobs/browse/351148-automotive-lightbiz-badges,"3D CAD Designer Needed for Custom Automotive LED Lightbox

I need an experienced CAD designer to create a production-ready, 3D-printable LED lightbox for a custom automotive badge/logo. I will provide the logo artwork, reference images, and final dimensions.

The design must include:

- Separate illuminated face, internal light chamber, and rear housing
- Even lighting with minimal visible LED hot",2026-09-26
2026-09-05,350302,Futuristic concept car ,60,False,approved,49,https://www.cgtrader.com/3d-modeling-jobs/browse/350302-futuristic-concept-car,"Looking for a vehicle designer that come up with something in this style (I don't just want a copy of this vehicle). The image is purely for reference for the type of style.
",2026-09-26
2026-08-25,349382,GTA V Lore Friendly Models,150,False,approved,53,https://www.cgtrader.com/3d-modeling-jobs/browse/349382-gta-v-lore-friendly-models,"Here’s a cleaned-up project description you can post:

I’m looking for a skilled **3D vehicle modeller** to create game-ready vehicle models based on AI concept renderings I provide.

The vehicles do **not **need to be a perfect 1:1 recreation of the AI images. The goal is to capture the overall design, proportions, styling cues, and character of each concept while turning it into a practical mode",2026-09-26
2026-06-27,343411,"Articulated 1:43 Scale Service/Boom Truck (Moveable Crane Arm, Rolling Wheels)",70,False,approved,24,https://www.cgtrader.com/3d-modeling-jobs/browse/343411-articulated-1-43-scale-service-boom-truck-moveable-crane-arm-rolling-wheels,"Looking for an experienced 3D modeler to create a printable model of a medium-duty service truck with a knuckle-boom style crane mounted behind the cab. Final model should be a flatbed truck (conventional cab, not cab-over) with a multi-section articulated boom arm.

Scale & Size
Approx. 1:43 scale, ~7.5"" (190mm) overall length
Print-optimized for FDM (PETG), Bambu-class printer

Functional Requir",2026-09-26
2026-04-01,336590,Remake of Mercedes Firetruk to Lore Friendly (generic),70,False,approved,55,https://www.cgtrader.com/3d-modeling-jobs/browse/336590-remake-of-mercedes-firetruk-to-lore-friendly-generic,"Hello, i need somone for several Projects to rebuild branded vehicle to lore friendly ones for GTAV. 
What need to be changed: Front(Lightning, Grill, Mirror) Back(lights), wheels and all brand logos need to be changed with gta5 brandings.
Important is that at the end the non branded vehicle is looking nearly to the branded so you can say by looking which car it should be (relaisitc).
The modeling",2026-09-26
2026-02-03,332217,Crime Scene Reconstruction ,70,False,approved,30,https://www.cgtrader.com/3d-modeling-jobs/browse/332217-crime-scene-reconstruction,"To Whom It May Concern.

I am requesting the creation of forensically accurate 3D models for use in a scene and vehicle reconstruction project to be conducted in Cybid Reconstruction Software.
The scope of work is limited strictly to the 3D modelling of physical assets, namely:

Motor vehicles

Caravans located at the campsite

A tractor associated with vehicle movement or recovery

These models w",2026-09-26
2025-12-15,329070,Game Asset Development,70,False,approved,89,https://www.cgtrader.com/3d-modeling-jobs/browse/329070-game-asset-development,"I need a 3D artist to put together a custom vehicle for a game project. I'm specifically aiming for the ""Vanilla GTA V"" aesthetic—basically something that looks like it belongs in standard traffic, not a real-life brand. I'm not looking for a cinematic movie prop with millions of polygons. This needs to be strictly game-ready and optimized.

What I’m looking for:
- The Look Needs to match that ""Lo",2026-09-26
2025-09-28,322687,High-Concept Pentamaran Container Vessel (Visualization Model for Unreal Engine),2000,False,approved,72,https://www.cgtrader.com/3d-modeling-jobs/browse/322687-high-concept-pentamaran-container-vessel-visualization-model-for-unreal-engine,"Project Title:
 Pentamaran Container Vessel – Cinematic 3D Model for Unreal Engine
Description:
 I need a cinematic-ready 3D model of a conceptual cargo vessel with five parallel hulls and deployable underwater blades. The purpose is to create a short Unreal Engine 5 cinematic video demonstrating a propulsion concept (visualization only, not engineering CAD).
Specs:
5 hulls in parallel, ~100 m len",2026-09-26
2025-06-20,315639,Ford e350 welding rig 3d model,200,False,approved,96,https://www.cgtrader.com/3d-modeling-jobs/browse/315639-ford-e350-welding-rig-3d-model,Im looking to get a model made for me its a older style ford e350 van cab with a service bed and welders on the side. Id like for it to come with an interior and textures/materials no logo on it just plain,2026-09-26
2025-03-13,296553,Vehicle Artists,200,False,approved,125,https://www.cgtrader.com/3d-modeling-jobs/browse/296553-vehicle-artists,"We are looking for experienced artists to join our team who creates vehicles for popular video games and other ventures

Looking for:
Able to create detailed vehicles and interiors with high quality textures similar to HKV and the likes
able to keep models under 250k, ideally under 200k tris
textures under 4096

Optional but prefered:
Able to modify existing car designs to be copyright free for ga",2026-09-26
2025-03-04,287935,Freelance Grooming Artist (Unreal Engine & Metahuman),70,False,approved,32,https://www.cgtrader.com/3d-modeling-jobs/browse/287935-freelance-grooming-artist-unreal-engine-amp-metahuman,"We are looking for an experienced Grooming Artist to create high-quality, realistic hair and facial hair for a historical 3D character in Unreal Engine 5 using the Metahuman pipeline. The character will be a middle-aged male.  You should have a strong understanding of hair/facial hair creation using XGen or other tools that can be integrated into Unreal Engine Metahuman. Please attach your portfol",2026-09-26
2025-03-04,287930,VR unreal engine 5 convert ,180,False,approved,43,https://www.cgtrader.com/3d-modeling-jobs/browse/287930-vr-unreal-engine-5-convert,"Hey, I need someone to convert my apartament models (long term) in unreal engine 5 into a vr experience! The whole scene would be already made for you, all I need is for you to create a VR teleportation without 360 panoramas, collisions so it all works good, change a bit of lighting, add a short video at the start about the whole apartament and add some buttons so you can view the floor plan or th",2026-09-26
2025-02-24,287173,3D Artist for Game-Ready Weeping Angel Model (Unreal Engine 5),200,False,approved,77,https://www.cgtrader.com/3d-modeling-jobs/browse/287173-3d-artist-for-game-ready-weeping-angel-model-unreal-engine-5,"I havent done one of these before so i just stuck down $200 as i dont know what a correct charge is, im happy to pay more.

I’m looking for a skilled 3D artist to create a game-ready Weeping Angel model for my Doctor Who-based sci-fi game in Unreal Engine 5. The model should be high-quality, eerie, and terrifying, capturing the unsettling nature of the Weeping Angels.

High-Quality Sculpt & Topolo",2026-09-26
2025-01-19,283434,cars animation loops,150,True,approved,35,https://www.cgtrader.com/3d-modeling-jobs/browse/283434-cars-animation-loops,looking for someone who can make a 5 min realistic car of a mk 5  toyota supra driving on a highway night to day.and cool effect with the loop that go with the car.,2026-09-26
2025-01-08,282336,Hiring 3D Designer for Low-Poly Unity Game Assets,70,True,approved,61,https://www.cgtrader.com/3d-modeling-jobs/browse/282336-hiring-3d-designer-for-low-poly-unity-game-assets,"We are looking for a skilled 3D designer to create low-poly, mobile-optimized assets for our Unity game. The assets should follow a style and quality similar to the reference game linked above. The models must be Unity-compatible and ready for integration, with a focus on performance optimization for mobile platforms.
(Amount Negotiable)

Required Assets:
1. Bus
2. Car
3. Van
4. Characters:
Low-po",2026-09-26
2024-11-25,278632,Digital 3D car model blueprint,100,True,approved,63,https://www.cgtrader.com/3d-modeling-jobs/browse/278632-digital-3d-car-model-blueprint,I need an accurate 3d car blueprint made for a 2014 Chrysler 200 super s that I can import into blender. ,2026-09-26
2024-11-14,277768,Want to create intricate idols of Indian icons for car dashboard 10 designs approx,100,False,approved,46,https://www.cgtrader.com/3d-modeling-jobs/browse/277768-want-to-create-intricate-idols-of-indian-icons-for-car-dashboard-10-designs-approx,"I want to create  intricate idols of Indian icons for car dashboard 10 designs approx

Like Ch. Shivaji Maharaj, Bhagat Singh, Ambedkar etc. 

Approx no is 10 to 15 need experiance person who can take up this job. Final output will be stl file. ",2026-09-26
2024-11-14,277690,Horror scene,70,True,approved,19,https://www.cgtrader.com/3d-modeling-jobs/browse/277690-horror-scene,"I need a car parking area which has something bla bla bla
",2026-09-26
2024-11-10,277287,Custom 3D Car Model Design Detailed and Ready for 3D Printing,70,True,approved,29,https://www.cgtrader.com/3d-modeling-jobs/browse/277287-custom-3d-car-model-design-detailed-and-ready-for-3d-printing,"Hello,

I am interested in having a custom 3D car model designed that is detailed, accurate, and optimized for 3D printing. The model needs to be fully prepared for printing, with all components clearly defined, including the car body, wheels, and other intricate details.

Key Requirements:
High Detail: The model should have realistic features such as door handles, mirrors, and a properly designed",2026-09-26
2024-10-31,276612,Level design and creation for unreal engine game in production. ,250,False,approved,34,https://www.cgtrader.com/3d-modeling-jobs/browse/276612-level-design-and-creation-for-unreal-engine-game-in-production,"Level Design and Environment Creation for Unreal Engine Game in Production

Description: We’re currently seeking talented developers and artists to help bring Diabolical, a dark fantasy action RPG, to life. If you're passionate about creating immersive games with complex storytelling, moral choices, and dynamic combat, we’d love for you to join us on this journey.

About the Game:

Diabolical is a",2026-09-26
2024-10-24,275957,3d scan for car floor mat,70,True,approved,21,https://www.cgtrader.com/3d-modeling-jobs/browse/275957-3d-scan-for-car-floor-mat,"Hello we are manufacturer of the car floor mat.  we need 3d scan driver and passenger and back seat of the car.for example  i need date of 2024 Toyota Tacoma north american version . you need find and scan it.      this the modle we want scan，we can try scan one modle first  ，if this one is good we can have cooperation with next or other modle
2024ToyotaTacoma 
2024 Chevrolet Trax
19-24 RAV4
23-24",2026-09-26
2024-10-21,275689,mavuika Pyro Archon,70,False,approved,21,https://www.cgtrader.com/3d-modeling-jobs/browse/275689-mavuika-pyro-archon,"
Bonjour je m'appelle Lorenz je suis nouveau dans le domaine j'espère que ce fichier va vous plaire car j'y ai mis beaucoup de temps

il s'agit d'un personnage de genshin impact un jeu vidéo mobile PC et console
créé par hoyoverse. On y suit l'histoire de lumine et Heather Deux jumeaux qui se sont séparés à la suite d'un cataclysme selon notre choix dans l'histoire nous allons incarnés l'un des de",2026-09-26
2024-10-18,275370,"Building,Company, Office ",80,True,approved,38,https://www.cgtrader.com/3d-modeling-jobs/browse/275370-building-company-office,"It is used to Stealing gaming  , Shooting, Car driving, action and other purpose game  .",2026-09-26
2024-10-16,275242,Game character unreal engine ,350,False,approved,40,https://www.cgtrader.com/3d-modeling-jobs/browse/275242-game-character-unreal-engine,"Character Model Description:

	•	Character Theme: A female alchemist/scientist with a steampunk/post-apocalyptic aesthetic.
	•	Goggles: Positioned on her head. They should be slightly oversized, with a steampunk style—metal frames and leather straps—but simplified for 3D modeling.
	•	Hair: Hair is tied up in a messy bun, visible behind the goggles, with loose strands around the face for a natural,",2026-09-26
2024-10-16,275204,Car 3d Model,200,False,approved,45,https://www.cgtrader.com/3d-modeling-jobs/browse/275204-car-3d-model,"Hi everyone, I would need a 3d model for professional renders of both stills and animations that will be done mainly on blender and unreal.  I have a cad vred model of the car that my client gave me that can probably serve as a starting point or can be optimized.",2026-09-26
2024-10-07,274112,Scan needed for a scale model reproduction,75,True,approved,39,https://www.cgtrader.com/3d-modeling-jobs/browse/274112-scan-needed-for-a-scale-model-reproduction,Looking for someone who can scan and create a 3D file of a small scale model car about 3 inches long for my hobby of collecting 43rd scale model vehicles.    I intend to have the file printed and do modifications to the model as shown in the double photo.   This is for my personal collection.   Many photos of the actual car are available on a Google search for 1950 1949 MG Y Saloon or MG Y tourer.,2026-09-26
2024-09-19,271631,Premium Vehicle dealership for GTA 5,200,False,approved,37,https://www.cgtrader.com/3d-modeling-jobs/browse/271631-premium-vehicle-dealership-for-gta-5,"Job Title: 3D Artist for Vehicle Dealership Exterior and Interior in GTA 5 (Blender Required)

Job Description: We are looking for an experienced 3D artist to model both the exterior and interior of a vehicle dealership for GTA 5 using Blender. The project involves modifying an existing exterior model and creating a detailed interior that fits the vibe and environment of GTA 5.

Key Requirements:
",2026-09-26
2024-08-30,267567,Coaster,70,False,approved,14,https://www.cgtrader.com/3d-modeling-jobs/browse/267567-coaster,"I need a coaster that has a  dirt winged sprint car in the middle, I would prefer the image of the car be carved into the coaster rather than a flat image of that makers sense, so inverted 3d image of  the spring car in the middle of coaster. ",2026-09-26
2024-08-27,266605,car dodge,100,True,approved,36,https://www.cgtrader.com/3d-modeling-jobs/browse/266605-car-dodge,dodge hellcat,2026-09-26
2024-08-24,265707,Ford Capri 1.8I 1980,100,True,approved,26,https://www.cgtrader.com/3d-modeling-jobs/browse/265707-ford-capri-1-8i-1980,"3D printable design for a Ford Capri 1.8 I in 1:8 scale. Opening doors, Bonnet (hood) tail gate etc, Interior detail plus if possible wheel and engine detail. Any thing ford capri considered  Price to be negotiated",2026-09-26
2024-08-24,265687,R142A,70,True,approved,10,https://www.cgtrader.com/3d-modeling-jobs/browse/265687-r142a,MTA R142A SUBWAY CAR!!,2026-09-26
2024-08-23,265661,"need models of vehicles, machines, buildings, decorations, equipment, clothing and futuristic stuff ",70,False,approved,32,https://www.cgtrader.com/3d-modeling-jobs/browse/265661-need-models-of-vehicles-machines-buildings-decorations-equipment-clothing-and-futuristic-stuff,"hello there this is a massive project that will take a while to complete i need someone or a studio that can make all this for me. i will pay per model, once that has been done we will move to the next one. the first model is a Volvo XC 90 for the poice section, then we will continue with the police section and so forth 

please tell me how much and how long it will take as i need this model by No",2026-09-26
2024-08-06,262096,1:64 scale Mercedes Maybach Voiture concept car,400,True,approved,39,https://www.cgtrader.com/3d-modeling-jobs/browse/262096-1-64-scale-mercedes-maybach-voiture-concept-car,"I would like interior and exterior of the car did and the black rims and tires, car is two tone. This is a physical car I want done, not just on paper.",2026-09-26
2024-08-05,262060,Scale model engine and transmission design,70,False,approved,26,https://www.cgtrader.com/3d-modeling-jobs/browse/262060-scale-model-engine-and-transmission-design,"Hello, I am looking for someone to create 3d model files of various vehicle engines and transmissions for 1/24 and 1/18 scale models.  I will be printing the designs on a resin printer.",2026-09-26
2024-08-05,261904,Vehicle modellers ,100,False,approved,43,https://www.cgtrader.com/3d-modeling-jobs/browse/261904-vehicle-modellers,"**Experienced 3D Car Modellers Wanted**

**Job Title:** 3D Car Modeller for Game-Ready Vehicles

**Description:**
We are seeking talented and experienced 3D modellers with extensive portfolios in car modelling to join our project. If you have a passion for crafting high-quality vehicle models and have the skills to make subtle modifications to existing designs, we want to hear from you!

**Respons",2026-09-26
2024-07-29,261047,Seeking Longterm Collaborator for Vehicle Texturing in Multimedia Sci-Fi Project,70,False,approved,66,https://www.cgtrader.com/3d-modeling-jobs/browse/261047-seeking-longterm-collaborator-for-vehicle-texturing-in-multimedia-sci-fi-project,"I am the writer and project lead of an upcoming web novel series, inspired by works such as _Thunderbirds, Power Rangers,_ and mecha anime. It features a fleet of high-tech rescue vehicles that we have designed and built using Sketchup. However, when it comes to UV mapping, normal mapping, and texturing, all of our team is pretty out of their depth, so I've decided to look for someone with experie",2026-09-26
2024-07-18,259990,toyota hyryder 2023,100,False,approved,30,https://www.cgtrader.com/3d-modeling-jobs/browse/259990-toyota-hyryder-2023,"Im looking for stl file designs of a few body accessories, such as mud flaps, door mirror covers, fender flares, front and rear bumper lips or diffusers, roof led light cover(like the truck in the pics), fender vents, hood scoop.
the car make is TOYOTA URBAN CRUISER HYRYDER 2023.",2026-09-26
2024-07-16,259691, Genesis Coupe BK2 Hood (Vehicle),75,False,approved,45,https://www.cgtrader.com/3d-modeling-jobs/browse/259691-genesis-coupe-bk2-hood-vehicle,"Hello,

I am looking for someone who is able to perfectly replicate this model 1:1 with exact measurments to assure perfect fitment for a Genesis coupe BK2 

",2026-09-26
2024-07-01,258443,Unreal Engine Animation Expert,500,False,approved,16,https://www.cgtrader.com/3d-modeling-jobs/browse/258443-unreal-engine-animation-expert,"Hi,

I am looking for a partnership with an animation specialist in Unreal Engine 5, to improve  an existing animation system of my video game in development (multiplayer). 

Depending on the price and profile, the work would be in two steps:

Teaching, Reviewing, Advising:

Benchmark of my current system
Advanced Animation Blueprint logic and structure
IK, Control Rig, Stride Warping, and Animati",2026-09-26
2024-06-26,258074,GRENJA PROJECT,50,False,approved,27,https://www.cgtrader.com/3d-modeling-jobs/browse/258074-grenja-project,"FRANCAIS : 

Bonjour,

Je me permets de vous écrire car je suis actuellement à la recherche d'une personne compétente pour m'aider dans la création de sphères en céramique ou en terre cuite. Pour ce projet, j'aurais besoin d'un prototype afin de construire un moules de préfabrication.

Je me demandais si vous auriez des compétences dans ce domaine ou si vous pourriez me recommander quelqu'un qui p",2026-09-26
2024-06-12,256460,Vehicle and Character Designer for Racing Game Project,450,True,approved,60,https://www.cgtrader.com/3d-modeling-jobs/browse/256460-vehicle-and-character-designer-for-racing-game-project,"We are in the process of developing an exciting new racing game and are looking for a skilled Vehicle and Character Designer to join our team. This role will involve creating dynamic and realistic designs for cars and drivers, contributing significantly to the overall look and feel of the game. If you have a passion for gaming and a talent for design, we would love to see your work.

Responsibilit",2026-09-26
2024-06-09,256165,Volvo FH Aero,250,True,approved,15,https://www.cgtrader.com/3d-modeling-jobs/browse/256165-volvo-fh-aero,"I would need a 3d model of Volvo's new truck, the Volvo FH Aero.

I'm a car livery and layout designer, so dimensions are really important.

The exterior of the car should be high-quality, exact dimensions and parts. As much as possible looking like a real car. The interior can be low-poly.",2026-09-26
2024-06-04,255694,toy street vehicles,50,True,approved,77,https://www.cgtrader.com/3d-modeling-jobs/browse/255694-toy-street-vehicles,"i required these type of models 
fire truck
garbage truck
dump truck
police car 
ambulance
icecream truck 

",2026-09-26
2024-05-26,254781,Job Project Proposal for 3D Model Designer,1200,True,approved,37,https://www.cgtrader.com/3d-modeling-jobs/browse/254781-job-project-proposal-for-3d-model-designer,"I am currently in the process of creating a game and require the expertise of a skilled 3D model designer to bring various elements to life. The project entails the creation of several key models, including a car, a person, three distinct bikes, and homes with movable parts.

Project Details:

Car Model:

The car model should be detailed and realistic, suitable for a variety of environments within",2026-09-26
2024-05-26,254748,Need a car built 110 scale or a c body and interior,100,False,approved,20,https://www.cgtrader.com/3d-modeling-jobs/browse/254748-need-a-car-built-110-scale-or-a-c-body-and-interior,__hello I'm looking for someone to build me a 110 scale body and interior for my RC car a 1985 Delta 88 four-door if not a Caprice classic 77 model four-door print the car and give me the price and I'll buy it from you please hit me back,2026-09-26
2024-05-23,254459,Racing Game Car and Driver Designer,800,True,approved,23,https://www.cgtrader.com/3d-modeling-jobs/browse/254459-racing-game-car-and-driver-designer,"We are developing an exciting and immersive racing game that aims to provide a thrilling experience for racing enthusiasts. To achieve this, we need creative and skilled designers to bring our vision to life by designing a variety of cars and drivers that will be featured in the game.

Job Description:
We are seeking talented and innovative designers to join our team on a freelance basis to create",2026-09-26
2024-05-22,254413,Vehicle 3D Modeler,50,False,approved,53,https://www.cgtrader.com/3d-modeling-jobs/browse/254413-vehicle-3d-modeler,"Job Title: 3D Vehicle Modeler

Company: Sinner's Mod Shop

Location: Remote

Job Type: Full-time

About Us:
Sinner's Mod Shop is a dynamic and innovative company dedicated to creating high-quality, low-poly 3D vehicle models for the gaming industry. Our team is passionate about pushing the boundaries of what's possible in game design, and we are looking for talented individuals to join our planned",2026-09-26
2024-05-20,254027,3D Bike Rider For Video Games,550,True,approved,39,https://www.cgtrader.com/3d-modeling-jobs/browse/254027-3d-bike-rider-for-video-games,"3D Bike Rider Design for Video Game Projects

Elevate your video game with a dynamic and realistic 3D bike rider character! I specialize in creating high-quality 3D bike riders that enhance gameplay and bring your project to life.

What I Offer:

Custom 3D Bike Rider: Unique and detailed design tailored to your game’s aesthetic.
High-Quality Modeling: Expertly crafted characters with lifelike deta",2026-09-26
2024-05-18,253928,need car mod for Arma Reforged  ,100,False,approved,41,https://www.cgtrader.com/3d-modeling-jobs/browse/253928-need-car-mod-for-arma-reforged,do the best you can i know its says 100 but can discuss  price as its my first request  for someone to do it i cant remember  all the information  i need for arma reforged   not fuss on how long it takes but not to long  if im happy with the work you may get more work straight after,2026-09-26
2024-05-02,251945,I need a Particle system for Unreal Engine.,50,False,approved,18,https://www.cgtrader.com/3d-modeling-jobs/browse/251945-i-need-a-particle-system-for-unreal-engine,"I need a particle system for Unreal Engine that has Fire, Water, Air in it. All the particle system must be Optimized for Unreal Engine.",2026-09-26
2024-04-27,251365,realistic 3D car,100,False,approved,38,https://www.cgtrader.com/3d-modeling-jobs/browse/251365-realistic-3d-car,"Overview:
We need a high-quality 3D car model with interior design for Blender. The model should be optimized for efficiency and storage.

- Objectives:

3D car model.
Design realistic interior elements.
Ensure Blender compatibility.


- Deliverables:

Optimized 3D car model.
Realistic interior design.
Blender-compatible files.


- Requirements:

Clean topology for easy editing.
Efficient material",2026-09-26
2024-04-21,250381,3D Models for Fast & Furious Cars,100,True,approved,49,https://www.cgtrader.com/3d-modeling-jobs/browse/250381-3d-models-for-fast-amp-furious-cars,"we are looking for 3d designer who can make any part of a car from scratch,
we need him to listen and be present enough to communicate with us,
 It would be good if he knows how to do photomatching or cameramatching, he has to be fast enough,
as a general rule the designer will not have a complete car to make, most of the time the exterior or interior 3D model of the car will be provided to him so",2026-09-26
2024-03-31,246547,Aston Martin Vulcan Mansory Model,250,True,approved,46,https://www.cgtrader.com/3d-modeling-jobs/browse/246547-aston-martin-vulcan-mansory-model,"Hello! I'm looking for a one-time freelancer that could work with me to develop an Aston Martin Vulcan model, with a few special twists. There is a car modifier, named Mansory, that takes supercars and changes their aesthetics, engine tuning, and luxury, taking them to a whole new level. I want to take a regular Vulcan model and change it into an extreme ""Mansory"" spec. This would include interior",2026-09-26
2024-03-28,246175,Need Skilled 3D Hard Surface Modeler ( vehicle Artist ),50,False,approved,58,https://www.cgtrader.com/3d-modeling-jobs/browse/246175-need-skilled-3d-hard-surface-modeler-vehicle-artist,"Hello! I am currently searching for professionals who specialize in hard surface modeling, specifically for vehicles. As per the project requirements, i will share concept with you personally once designer is slelected .
budget is negotiable and can be discuss
please mention your portfolio links in your proposal

Regards",2026-09-26
2024-03-18,243766,Sports Car 3D Model,50,True,approved,31,https://www.cgtrader.com/3d-modeling-jobs/browse/243766-sports-car-3d-model,Sports Car 3D Model,2026-09-26
2024-03-15,243126,3D Vehicle Modelers Wanted! ,1500,False,approved,74,https://www.cgtrader.com/3d-modeling-jobs/browse/243126-3d-vehicle-modelers-wanted,"**PLEASE READ**
Voldex is hiring multiple 3D modelers to help us create awe-inspiring vehicles for the #1 Driving Simulator on Roblox, Driving Empire. This will be a **12-month contract**, paid monthly (not per asset delivered). At this time, **we are only able to hire in Canada, Latin America, and SE Asia** (Malaysia, Indonesia, etc). If you are unsure about your location, please apply and our te",2026-09-26
2024-03-13,242044,Custom Bodykit for a car,200,False,approved,41,https://www.cgtrader.com/3d-modeling-jobs/browse/242044-custom-bodykit-for-a-car,"-I need custom bodykit design for my car.
Got a Land rover Freelander. Trying to mash up with Land Rover Defender. And give that some sort of concept car look. I call Defender Sport. Check the pics. Combined some Stl parts and loved the look of it. I run a 3d print farm with 30+ printers. My brother have a garage/workshop who lifts the Pickup Trucks and apply bodykits etc. So we got everthing we n",2026-09-26
2024-03-12,241649,Designer/Developer for functioning GTA 5 Cars,1000,True,approved,27,https://www.cgtrader.com/3d-modeling-jobs/browse/241649-designer-developer-for-functioning-gta-5-cars,"I'm in search of a proficient designer to import and ensure the functionality of cars in GTA V. Prior experience in modding is essential, and ideally, you have a track record of developing GTA 5 mods.",2026-09-26
2024-03-11,241169,Nissan Y33 Cedric,200,True,approved,57,https://www.cgtrader.com/3d-modeling-jobs/browse/241169-nissan-y33-cedric,"Hi all! 
I'm looking to get a Nissan Y33 Cedric modelled. It would just be a stock exterior model. The interior doesn't need to be modelled at the moment, nor do any chassis/interior areas. Textures for lights/trims etc would be great. 

Have a flexible budget for good work. ",2026-09-26
2024-03-01,237452,Want to design a Suzuki Gypsy toy car,50,False,approved,28,https://www.cgtrader.com/3d-modeling-jobs/browse/237452-want-to-design-a-suzuki-gypsy-toy-car,"hi, i want to design a model of suzuki's india base car gypsy long wheel base model
i want to develop it with resin printing.
looking for good detail design and simple and easy parts locking model
",2026-09-26
2024-02-28,236849,I want make my car ac vent in 3d for printng,50,True,approved,24,https://www.cgtrader.com/3d-modeling-jobs/browse/236849-i-want-make-my-car-ac-vent-in-3d-for-printng,"Helo i want 3d model for my car ac vent 
Car model is Lancer Ck2
I want model for 3d printing
I want perfect dimension and neatly ",2026-09-26
2024-02-26,235770,wide body kits for a hyper cars ,50,True,approved,24,https://www.cgtrader.com/3d-modeling-jobs/browse/235770-wide-body-kits-for-a-hyper-cars,"Id like to have wide body kits made for the koenigsegg agera, regera and Jesko for BeamNG.Drive models, once again id like just wide body kits i want them to look aggressive and very wide, like the photo's shown below ",2026-09-26
2024-02-24,235093,Build a retail shop interior using Unreal Engine,1000,False,approved,38,https://www.cgtrader.com/3d-modeling-jobs/browse/235093-build-a-retail-shop-interior-using-unreal-engine,"Looking to build out a few metaverse properties I own.  I am looking for someone to build out the experiences in Unreal Engine so I can upload them.  The first of 4 projects is a basic retail space.  I will need the ability to play audio & video in the experiences, as well as update the media being played.",2026-09-26
2024-02-13,231535,Toyota Crown Interior,70,False,approved,26,https://www.cgtrader.com/3d-modeling-jobs/browse/231535-toyota-crown-interior,"I need someone to model a car interior and fit it to a car. THE CAR EXTERIOR IS FINISHED, YOU NEED TO MODEL ONWARDS FROM THE EXTERIOR

Here are the criteria that you MUST do.

- Low/MidPoly Model (20-40k) Tri
- Photomatched (Image Modeling)
- GAME READY MODEL. (This interior is for a personal game car)
- No gaps. (Please no holes between the car trim and interior)

We can start with 70USD and I ca",2026-09-26
2024-02-03,229180,Lore Friendly Cars,100,False,approved,39,https://www.cgtrader.com/3d-modeling-jobs/browse/229180-lore-friendly-cars,"I have an extremely large project needed to be completed , I need 100+ Completely Concept Lore Friendly Vehicles made that are under 300k Polygons for each car . I need 25 sports cars , 25 coupes , 25 muscle cars , 25 trucks , 25 super cars and 25 motercycles Totaling 150 Vehicles. These cars I can provide Idea with images but these cars must be all concept and not resemble any real world brand or",2026-09-26
2024-02-02,228961,Seagrave Fire Engine,100,False,approved,39,https://www.cgtrader.com/3d-modeling-jobs/browse/228961-seagrave-fire-engine,"I am looking for someone to make a Seagrave fire engine with a pretty detailed exterior and a basic interior.



I have added pictures for references!",2026-09-26
2024-02-01,228786,Ktm 450 smr 2024 Bike 3d model,100,False,approved,34,https://www.cgtrader.com/3d-modeling-jobs/browse/228786-ktm-450-smr-2024-bike-3d-model,"HI, i need a 3d model of this bike for a 3d configurator that runs in unreal engine 5.
In addition to the bike model, I will also need to model custom parts like brake, wheels, tube, exhuast, front lights, turn indicators. Let's consider one of each at the moment.

",2026-09-26
2024-02-01,228781,Scale model car,100,False,approved,30,https://www.cgtrader.com/3d-modeling-jobs/browse/228781-scale-model-car,"A custom truck design based on 4 door Humvee Slant back but with an Audi Q7 aesthetic. While still big, less boxy while keeping the Hummer muscle and a mixture of the front and back profiles, though I'm thinking more Audi lights and grille with Hummer influence than the other way around. 


",2026-09-26
2024-01-27,227758,Ktm 450 smr 2024 Bike 3d model,120,False,approved,24,https://www.cgtrader.com/3d-modeling-jobs/browse/227758-ktm-450-smr-2024-bike-3d-model,"HI, i need a 3d model of this bike for a 3d configurator that runs in unreal engine 5.
In addition to the bike model, I will also need to model custom parts like brake, wheels, tube, exhuast, front lights, turn indicators. Let's consider one of each at the moment.

To sum up:
1x bike model
6x custom parts",2026-09-26
2024-01-21,226900,Scale model car,100,False,approved,27,https://www.cgtrader.com/3d-modeling-jobs/browse/226900-scale-model-car,"A custom truck design based on 4 door Humvee Slant back but with an Audi Q7 aesthetic. While still big, less boxy while keeping the Hummer muscle and a mixture of the front and back profiles, though I'm thinking more Audi lights and grille with Hummer influence than the other way around. ",2026-09-26
2024-01-09,225518,Ktm 450 smr 2024 Bike 3d model,500,True,approved,62,https://www.cgtrader.com/3d-modeling-jobs/browse/225518-ktm-450-smr-2024-bike-3d-model,"HI, i need a 3d model of this bike for a 3d configurator that runs in unreal engine 5.
In addition to the bike model, I will also need to model custom parts like brake, wheels, tube, exhuast, front lights, turn indicators. Let's consider one of each at the moment.

To sum up:
- 1x bike model
- 6x custom parts
",2026-09-26
2024-01-05,225170,Seagrave Fire Engine,250,True,approved,69,https://www.cgtrader.com/3d-modeling-jobs/browse/225170-seagrave-fire-engine,"I am looking for someone to make a Seagrave fire engine with a pretty detailed exterior and a basic interior.

I have added pictures for references!",2026-09-26
2023-11-29,218452,Sprint car ,50,False,approved,28,https://www.cgtrader.com/3d-modeling-jobs/browse/218452-sprint-car,Looking to have a sprint car designed as a 3d model that can be opened in solid works. ,2026-09-26
2023-11-28,217677,Supercar interior,50,True,approved,35,https://www.cgtrader.com/3d-modeling-jobs/browse/217677-supercar-interior," I want an interior for the car in picture. The result of the work will be in blender format **.blend**. The file must not be too huge. I want some well detailed mesh but not ** too huge**. Finally, I want an interior detailed like the photo interior.png, with a true speed counter .",2026-09-26
2023-11-26,216744,Car,50,True,approved,13,https://www.cgtrader.com/3d-modeling-jobs/browse/216744-car,"Yes
",2026-09-26
2023-11-22,214996,Modeling of high-poly models of cars and vehicles long term cooperation's.,250,False,approved,50,https://www.cgtrader.com/3d-modeling-jobs/browse/214996-modeling-of-high-poly-models-of-cars-and-vehicles-long-term-cooperation-s,"Hello.
Modeling of high-poly models of cars, vehicles, transport and equipment.
Part-time or full-time employment. Exterior and interior modeling job.

Experience and relevant work in the portfolio are required.

Kind regards.
Creator 3D team.
  ",2026-09-26
2023-11-21,214825,AUSTIN J40 PEDAL CAR,50,False,approved,50,https://www.cgtrader.com/3d-modeling-jobs/browse/214825-austin-j40-pedal-car,"3D Printable model of Austin J40 Pedal Car. 
**PRICE TO BE DISCUSSED**",2026-09-26
2023-11-15,212909,God engine,300,False,approved,52,https://www.cgtrader.com/3d-modeling-jobs/browse/212909-god-engine,"overall model 2 feet tall a little over foot wide  shoulder to shoulder would prefer for it to be a multi pieced thing am open to discuss variations in design of said designs and pay once we get a base idea of how we r going to proceed. Software used does  not matter to me as long as it looks good.  Welcome  to discussing pricing  and deadlines , budget listed is not set in stone can according to ",2026-09-26
2023-11-08,211488,3D Models for major parts of trucks or trailers,1000,False,approved,40,https://www.cgtrader.com/3d-modeling-jobs/browse/211488-3d-models-for-major-parts-of-trucks-or-trailers,"We are looking to buy 3D models for the major parts of:
o Trucks – Semi, 18-wheelers, Dump trucks, Garbage trucks, Cab Over types, Delivery Vans, Furniture types, Tankers, Cars Car carriers, etc.
o Trailers – Flat Bed, Goose Neck, Wide Load, Utility types, 2-axel, 3-axel, Travel types, Open and Enclosed variations to mention a few.

What are you going to be making? A model in 3D that is layered wi",2026-09-26
2023-10-31,209801,"Looking for a custom model, very particular position - Disabled injured veteran using art to fight Traumatic Brain Injury - Recreating scene",50,False,approved,21,https://www.cgtrader.com/3d-modeling-jobs/browse/209801-looking-for-a-custom-model-very-particular-position-disabled-injured-veteran-using-art-to-fight-traumatic-brain-injury-recreating-scene,"Hello,
I have been working with an incredibly talented artist for almost 8 months now. He is helping me and a team of doctors involved study and learn from art therapy. We are re-creating from my recollection what I remember of a scene in Iraq where the vehicle I was in hit an IED and killed 3 of my friends and I am permanently disabled. I am not able to remember much of what happened so a lot of ",2026-09-26
2023-10-27,208888,Modeling of a Steyr RLF from the Vienna Fire Department,160,False,approved,45,https://www.cgtrader.com/3d-modeling-jobs/browse/208888-modeling-of-a-steyr-rlf-from-the-vienna-fire-department,"Hello, I'm looking for someone who can recreate this vehicle exactly, who can see every detail and build it exactly the same.",2026-09-26
2023-10-25,208477,cars in paris,50,True,approved,9,https://www.cgtrader.com/3d-modeling-jobs/browse/208477-cars-in-paris,"cars are fire
",2026-09-26
2023-10-14,206471,Cruiser model motorcycle redeisgn,1000,False,approved,51,https://www.cgtrader.com/3d-modeling-jobs/browse/206471-cruiser-model-motorcycle-redeisgn,"Hi, We make electric motorcycle with simple powertrain and battery design. We are looking for a designer to create a Cruiser vehicle which are inspired from the Triump, Royal Enfiled or Harley. 

We will provide the swingarm design files, and the front vehicle design files. Could you create a drawing for us?",2026-09-26
2023-10-14,206454,I need car show room ,50,True,approved,37,https://www.cgtrader.com/3d-modeling-jobs/browse/206454-i-need-car-show-room,"Hi there, i neeneed car show room for my mobile game like ""CarX Drift Racing 2""  but make something different.",2026-09-26
2023-10-07,205446,Realistic Automotive Ad,250,True,approved,46,https://www.cgtrader.com/3d-modeling-jobs/browse/205446-realistic-automotive-ad,"I need a realistic-looking video of a McLaren 720s and of a real person reviewing it. 
Able to enter/sit in car. Open doors, turn on headlights. Etc...

Not too sure how to go about this. Looking for a cheaper solution than owning or renting the car for a video.",2026-09-26
2023-10-02,204763,Replica Car 3D Model,100,True,approved,39,https://www.cgtrader.com/3d-modeling-jobs/browse/204763-replica-car-3d-model,"3D Design replica of Barbus B50 S-Coupe 2018.

As realistic as possible for 3D printing demo purposes.

Note: We only have attached pics.",2026-09-26
2023-10-02,204679,Rover 216GTi Vehicle Model,120,True,approved,64,https://www.cgtrader.com/3d-modeling-jobs/browse/204679-rover-216gti-vehicle-model,Looking for a vehicle model of a Rover 216GTi to use to replicate parts and sizing for the real car. No model of this car exists anywhere online and there are very few blueprints so using real images would be the only way of creating a model. The exterior must be a relatively simplistic but detailed example and if possible include a very basic interior. The images I have provided are the closest I,2026-09-26
2023-09-21,203464,3D arnimation artist,100,True,approved,30,https://www.cgtrader.com/3d-modeling-jobs/browse/203464-3d-arnimation-artist,"hello I am looking for a 3D arnimation artist.
we want to make a 2 minite animation.
tasks:
1/ you will create a simple futuristic environment
2/ you go adds texture
3/ you will drive the car on the road

Example of search animation: https://www.youtube.com/watch?v=Vj1HKlGUFkY",2026-09-26
2023-09-16,202922,Plunderer.,50,False,approved,35,https://www.cgtrader.com/3d-modeling-jobs/browse/202922-plunderer,"Bonsoir, 

J’aimerais avoir un modèle 3d dans le format obj de Lich batch aka Plunderer. J’aimerais le personnage ci-dessous, pour moi car j’adore cet univers et mais pas beaucoup de modèles existent et il est vrai que j’aime beaucoup avoir des models 3d des univers que j’aime. (le model et je l’aimerais avec le masque, si possible. Pour la date cela ne presse pas et donc on pourra la déterminer. ",2026-09-26
2023-09-13,202439,Unreal Engine 3D Robot model,150,False,approved,25,https://www.cgtrader.com/3d-modeling-jobs/browse/202439-unreal-engine-3d-robot-model,I need a metahuman robot for Unreal Engine 5.3,2026-09-26
2023-09-08,202017,Car Creator,150,True,approved,46,https://www.cgtrader.com/3d-modeling-jobs/browse/202017-car-creator,"Im looking for someone to be dedicated for making cars for my game, I have an online game that im creating for myself and i need a car designer ,Please only reply if your interested,so we can setup correspondence,but for right now i need for you to make! 1)1968 cadillac el dorado  2) 1970 Chevrolet impala 2 door coupe 3) 1987 Buick regal GNX 4)1970  Chevrolet caprice 2 door  coupe 5) 1980 chevrole",2026-09-26
2023-08-22,200231,2023 McLaren MCL60 Formula 1 Car,200,False,approved,39,https://www.cgtrader.com/3d-modeling-jobs/browse/200231-2023-mclaren-mcl60-formula-1-car,"I am looking for a very **high resolution and accuracy NURBS model** of the **2023 McLaren MCL60** Formula 1 Car. **I am NOT looking for a subdivision model, as it must be very accurate!** The model will be used to replicate the entire car in real life for a full scale model using carbon fiber, using 3D printed negative moulds. All of the internals except the engine and gearbox must be modeled, in",2026-09-26
2023-08-14,199441,Metaverse Environment,150,True,approved,23,https://www.cgtrader.com/3d-modeling-jobs/browse/199441-metaverse-environment,"Looking for rendered to texture metaverse environment (baked 3d game assets) that is high details and low poly.

The 3d game assets:
1. Level in zones (similar to counter strike or any open world game levels).
  - must be fragmented into zones.
2. Modular characters (male + female).
  - must have multiple swappable meshes and colors.
3. Modular vehicle.
  - must have multiple swappable meshes and ",2026-09-26
2023-08-11,199160,MK3 Supra (A70) 3D model,500,False,approved,77,https://www.cgtrader.com/3d-modeling-jobs/browse/199160-mk3-supra-a70-3d-model,"I require a exceptional 3D modeller to create a detailed replica of a special model MK3 supra for 3d printing.

 - Experience creating models for print
- experience creating cars 

ALOT of long term work on the table if successful in this project.

Commercial rights to sell physical models is a must.",2026-09-26
2023-07-31,198074,Cherrier Vivace,50,True,approved,27,https://www.cgtrader.com/3d-modeling-jobs/browse/198074-cherrier-vivace,"Could someone please model this car from BeamNG.Drive?
It can be any color you want and it doesn't need to have animations.
",2026-09-26
2023-07-18,196667,Stl files to be able print a bmw 328i 1999 E36 ,80,True,approved,29,https://www.cgtrader.com/3d-modeling-jobs/browse/196667-stl-files-to-be-able-print-a-bmw-328i-1999-e36,"Hi all I need someone that will create me the stl files for a bmw 328i 1999 E36! 
i will need a complete car with chassis wheels and interior as well ! Please contact me if you thing you can do the job !! I will add pictures of the cars and also an exemple of the job I want I saw on the market ! ",2026-09-26
2023-07-13,196346,Honda accord 2doors 1989-1993,100,True,approved,29,https://www.cgtrader.com/3d-modeling-jobs/browse/196346-honda-accord-2doors-1989-1993,"Hi i would like to get a printable STL files of a Honda accord coupe (2doors) 1989-1993 with complete interior, wheels and body in separated parts ! ",2026-09-26
2023-07-07,195728,1999 Chevy Silverado 1500 ls,160,True,approved,34,https://www.cgtrader.com/3d-modeling-jobs/browse/195728-1999-chevy-silverado-1500-ls,"I want a model I can 3D print of a 1999 Chevy Silverado 1500 LS. would like the doors(fronts and crew cab on the passenger side), hood and tailgate to all be moveable if possible. I want the 5.3L vortec engine in it and the interior to be detailed and visible. Needs to be realistic please ",2026-09-26
2023-07-05,195617,Custom Front Bumper,500,False,approved,58,https://www.cgtrader.com/3d-modeling-jobs/browse/195617-custom-front-bumper,"Hello, I am trying to create a custom from bumper for my car based on an Image. I will be modifying a stock front bumper by sanding/cutting away pieces and adding 3D printed pieces. I have 3D scans of the vehicle. Must be able to replicate image and make pieces that are form fitted. (also must be willing to sign NDA). 

Overall budget is open for discussion as we define the scope of the project in",2026-09-26
2023-07-01,195214,Model a Formula Ford Race Car,400,True,approved,76,https://www.cgtrader.com/3d-modeling-jobs/browse/195214-model-a-formula-ford-race-car,"My Dad used to race Formula Ford Cars in the early 80's. He has dementia now and is constantly reminiscing  about his racing days. He's told me countless stories and he would really like to feel that these experiences were more tangible. Unfortunately, He's lost a lot of the photographs (I'll upload what I have for reference) and they all look pretty dingy from a flood.  I was hoping to commision ",2026-09-26
2023-06-01,192207,3D model for Unreal Engine 5,5000,False,approved,83,https://www.cgtrader.com/3d-modeling-jobs/browse/192207-3d-model-for-unreal-engine-5,"Deliverables:

a) 3D Model with the look and feel in the attached image.

b) Rigged skeleton for UE5 skeleton",2026-09-26
2023-05-19,190892,2007 BAE systems Caiman CMTV 3D model ,50,False,approved,30,https://www.cgtrader.com/3d-modeling-jobs/browse/190892-2007-bae-systems-caiman-cmtv-3d-model,"https://www.cgtrader.com/3d-models/military/military-vehicle/2007-bae-systems-caiman-cmtv

I would like to add color to resemble the attached image. I also need 2 additional models using the same color scheme that will show damage and severe damage.

Additional modeling will be needed to add a section to the top upper left side where 2 guns can pop out. This will be the additional modeling and ani",2026-09-26
2023-05-10,189229,custom car model,50,False,approved,32,https://www.cgtrader.com/3d-modeling-jobs/browse/189229-custom-car-model,"Hey there!

Im looking for a custom car to be made called ""Taarzan the wonder car"" from a movie, i have a budget from 5-10 dollars, yes im aware its quite less, if you are interested please contact me!",2026-09-26
2023-05-03,188394,I need to convert the following models to files available in Unreal Engine,50,True,approved,23,https://www.cgtrader.com/3d-modeling-jobs/browse/188394-i-need-to-convert-the-following-models-to-files-available-in-unreal-engine,"I need to convert the following models to files available in Unreal Engine
https://drive.google.com/file/d/1_HOKwLd_LZtJ9Uwp7uYomWwUOyHM-7hn/view?usp=share_link
https://drive.google.com/file/d/15DnXkVi1PKjbsqEO576BTkVCDEdlIaAV/view?usp=share_link
Used in the battlefield boss https://drive.google.com/file/d/1_HOKwLd_LZtJ9Uwp7uYomWwUOyHM-7hn/view?usp=share_link https://drive.google.com/file/d/15DnXk",2026-09-26
2023-05-02,188071,Police car models,3000,True,approved,50,https://www.cgtrader.com/3d-modeling-jobs/browse/188071-police-car-models,Looking for exterior and interior drawings of installed equipment. This is for a build and configure part of our website. Would love this to integrate into VR. This is a fun exciting project. Large number of drawings needed ,2026-09-26
2023-04-28,187547,Custom 1999 Honda Civic Headlight,70,False,approved,40,https://www.cgtrader.com/3d-modeling-jobs/browse/187547-custom-1999-honda-civic-headlight,"I need this custom headlight, perfectly made to fit a 3d model for a honda civic 1999, I can provide you with the car model.",2026-09-26
2023-04-07,185102,Honda Talon ,100,True,approved,35,https://www.cgtrader.com/3d-modeling-jobs/browse/185102-honda-talon,"This is a offroad vehicle. Commonly known as a side by side. I would appreciate it if someone would take on the task of building it for me. It is the ""Honda Talon X 1000"". I am fine with the 2 are 4 seater.",2026-09-26
2023-04-07,185054,Diesel engine TV300-RLS,50,False,approved,8,https://www.cgtrader.com/3d-modeling-jobs/browse/185054-diesel-engine-tv300-rls,"Diesel engine TV300-RLS
Tran Hung Dao 30HP 2200rpm",2026-09-26
2023-04-05,184823,Mercedes Vito detainees bus interior and correct windows for game with base model!,50,False,approved,18,https://www.cgtrader.com/3d-modeling-jobs/browse/184823-mercedes-vito-detainees-bus-interior-and-correct-windows-for-game-with-base-model,"I'm looking for someone who can make exactly the right interior and windows for my mercedes vito arrestee bus on the photos and videos I send you can see what the interior looks like. I like someone who can make it for me for like 25 dollar. 

This video contains content about the cell bus interior. u can use subtitles for understanding.
https://www.youtube.com/watch?v=L3Ee4EVNmfU&t=446s
times: 06",2026-09-26
2023-03-30,183685,Stylized Porsche Car Model,350,False,approved,93,https://www.cgtrader.com/3d-modeling-jobs/browse/183685-stylized-porsche-car-model,"I am looking for a modeler who feels comfortable with creating stylized and cartoonish cars based off of concept drawing. The cars we will be creating are all based on the Porsche lineup.

This is a good reference for the style I am hoping to achieve.

https://www.instagram.com/ritter.goods/

I have already had two cars modeled in this type of style that I can send to you as a reference so you can",2026-09-26
2023-03-14,181586, Create small photorealistic appliances/furniture for mobile vehicles.,100,True,approved,54,https://www.cgtrader.com/3d-modeling-jobs/browse/181586-create-small-photorealistic-appliances-furniture-for-mobile-vehicles,"Looking for a detailed  3d modeler to create small photorealistic appliances/furniture for mobile vehicles. I checked the skills and software but whatever works for you is fine. Must be ready to import the models into SketchUp floorplans. checked designer to sell Project results on the marketplace but don't really know about it I also have an additional need to add more models.

Thanks
",2026-09-26
2023-03-06,180681,custom 3d model of a motorhome,250,True,approved,10,https://www.cgtrader.com/3d-modeling-jobs/browse/180681-custom-3d-model-of-a-motorhome,"I would need a 3d model (DAE format) of the vehicle shown here:

https://www.coroflot.com/ind-ltd/concorde-charisma",2026-09-26
2023-02-08,177607,automotive 3D design,200,False,approved,7,https://www.cgtrader.com/3d-modeling-jobs/browse/177607-automotive-3d-design,"Make amendments to the existing 3D file, and make changes to the front bumper, grille, and headlights. ",2026-09-26
2023-01-21,175740,Bus Urbanuss Pluss,50,False,approved,22,https://www.cgtrader.com/3d-modeling-jobs/browse/175740-bus-urbanuss-pluss,Preciso de um modelo STR para impressão 3D do modelo Busscar Urbanuss Pluss. Eu tenho o arquivo 3Ds,2026-09-26
2023-01-20,175668,Looking for a full J32a2 honda engine swap with 6sp manual transmission to be designed for 3d printing.,150,False,approved,20,https://www.cgtrader.com/3d-modeling-jobs/browse/175668-looking-for-a-full-j32a2-honda-engine-swap-with-6sp-manual-transmission-to-be-designed-for-3d-printing,"As title states, im looking for a good fairly detailed Honda/Acura J32a2 V6 engine with 6sp manual transmission to be designed. There isnt any print files cuurently made and id love to have the first one to print. Preferably id like t own all  licensing to the file for the first 6 months, but we can negotiate that part. Prefer someone who is familiar with designing printable engines, but will take",2026-09-26
2022-12-23,172918,Need someone to model me a Stark Varg motorcycle,60,False,approved,30,https://www.cgtrader.com/3d-modeling-jobs/browse/172918-need-someone-to-model-me-a-stark-varg-motorcycle,"I need someone to model me a Stark Varg dirtbike. I already have a Yamaha bike and a Ktm bike that we could take alot of parts off to edit to save alot of modelling time. I was going to give it a go but I am busy trying to get my first business ready to launch. The parts i have taht coulld be adapted are the suspension, wheels hubs and brakes, rear swingarm with some slight changes, brake leavers,",2026-09-26
2022-11-26,169957,concept car game model needed.,80,False,approved,62,https://www.cgtrader.com/3d-modeling-jobs/browse/169957-concept-car-game-model-needed,"Very basic concept car design needed. No doors or hood sections needed. Only thing that needs to be seperate are the tires/wheels. these dont need to be modeled. place holder discs are fine.
No interior needed. Just please have highly reflective glass.

Sadly i don't have the fiberglass model anymore. So these drawings are the only refrences i have.

",2026-09-26
2022-10-31,167192,Looking For experienced 3D modeler to model realistic and detailed vehicles with interior game ready,200,False,approved,25,https://www.cgtrader.com/3d-modeling-jobs/browse/167192-looking-for-experienced-3d-modeler-to-model-realistic-and-detailed-vehicles-with-interior-game-ready,"Hey
i am in need of 6-7 Vehicles for a multiplayer FPS game I am working on. These vehicles need to be very realistic as is the entire rest of the game and detailed. They need to be optimized for game with a low poly model and 4K texture sets for unity HDRP. ",2026-09-26
2022-10-26,166719,Do you make other car models?,1000,False,approved,16,https://www.cgtrader.com/3d-modeling-jobs/browse/166719-do-you-make-other-car-models,"Hello,
Contract for creating 3d printable car model

The model is GM Chevlolet Opal

MODEL:
1975

WITH 2 AND 4 DOORS",2026-09-26
2022-10-23,166343,FCCH,1000,True,approved,5,https://www.cgtrader.com/3d-modeling-jobs/browse/166343-fcch,This is going to be a car for my future car bisniss.,2026-09-26
2022-09-19,162589,car wide body ,100,True,approved,18,https://www.cgtrader.com/3d-modeling-jobs/browse/162589-car-wide-body,looking for seat ibiza 2011 wide body 3d model to print ,2026-09-26
2022-09-11,161648,2015 honda civic coupe EX font bumper model,70,True,approved,7,https://www.cgtrader.com/3d-modeling-jobs/browse/161648-2015-honda-civic-coupe-ex-font-bumper-model,"I need a 2015 HONDA CIVIC COUPE EX front bumper, mainly the grill part, I need this model in order to make a custom version for the real car so it must fit the real car.",2026-09-26
2022-08-29,159828,1956 Mercury XM Turnpike Cruiser prototype - concept car,200,False,approved,38,https://www.cgtrader.com/3d-modeling-jobs/browse/159828-1956-mercury-xm-turnpike-cruiser-prototype-concept-car,"printable 3D model of this unique concept car. 
No interior needed, no windows. Either in one piece (body + wheel + chassis) or in 6 pieces (body + chassis + 4 wheels). 
STL format.
white plastic, thick enough. 
I will do the polishing, and painting of the scale model. 
I need a price quotation and references (examples of past projects realized). 
",2026-09-26
2022-08-08,156904,car,50,True,approved,5,https://www.cgtrader.com/3d-modeling-jobs/browse/156904-car,carv,2026-09-26
2022-06-27,151221,3ds Max & Unreal Engine 5,12345,False,approved,21,https://www.cgtrader.com/3d-modeling-jobs/browse/151221-3ds-max-unreal-engine-5,"Aireal is looking to hire an individual who is proficient in 3ds Max and Unreal Engine! Any experience in Rail Clone, NVIDIA Omniverse, and/or City Engine are a huge plus! We are looking for applicants to be located in North America.

Please email apply@aireal.io with your details and a link to your portfolio.",2026-09-26
2022-06-14,149065,3D Artist - Latinoamerica (real time engine) - trabajo remoto!,747,False,approved,8,https://www.cgtrader.com/3d-modeling-jobs/browse/149065-3d-artist-latinoamerica-real-time-engine-trabajo-remoto,"¿Te apasiona la visualización arquitectónica?

Si eres alguien que quiere crecer como artista 3D y te apasiona la tecnología, entonces eres perfecto/a para el puesto...

Postúlate aquí: https://jobs.hauzd.com/jobs/Careers/674705000000421139/Low-poly-3D-Artist-for-real-time-engine-LATAM-?source=CareerSite

¡Únete a nosotros!",2026-09-26
2022-05-30,146421,Airplane Engine Model,400,False,approved,27,https://www.cgtrader.com/3d-modeling-jobs/browse/146421-airplane-engine-model,"Hello, I am looking for someone to create a lycoming O-320 airplane engine. We would like to see a moving propeller, flywheel, alternator belt, starter gear (bendix), crank shaft, camshaft, intake/exhaust ports, and pistons in the cylinders. I can send you photos and videos of the engine.

We already have an animator for this project so we just need the model with those working parts. Here are his",2026-09-26
2022-05-26,145600,Looking for an experienced 3D car modeler to create a 1972 Plymouth Road Runner,150,True,approved,30,https://www.cgtrader.com/3d-modeling-jobs/browse/145600-looking-for-an-experienced-3d-car-modeler-to-create-a-1972-plymouth-road-runner,"This model would be based on a real life 1972 Plymouth Road Runner I used to own.  I can provide all the necessary textures, pictures and elements of a 1972 Plymouth Road Runner. I even have blueprints and a .dae file of a 1971 Plymouth GTX for reference (same body but with different hood, taillights and grill).   The color would be Tawny Gold metallic with a white canopy top.  The car should have",2026-09-26
2022-05-06,141982,Mustang GT Race Car,350,True,approved,54,https://www.cgtrader.com/3d-modeling-jobs/browse/141982-mustang-gt-race-car,I am looking for an automotive 3D modeler to recreate the attached car. We are looking for a talented modeler to hire for repeat work in an automotive parts business. I am looking for the 3D model as well as high resolution renders. I do not need the livery/wrap design to be recreated.,2026-09-26
2022-05-05,141971,character modeling and rigging,250,False,approved,19,https://www.cgtrader.com/3d-modeling-jobs/browse/141971-character-modeling-and-rigging,"hello im working on a project in blender where i 3d scanned my face.

i would like someone to help me model eye sockets, model teeth and eyebrows.

i also would like to get help with a body, rigg and clothes 

the goal here is ultimatly make the model look as much as possible like me and be able to maipulate the model effortlessly 

as long as the file is able to get imported in blender i dont car",2026-09-26
2022-05-01,140914,I ALREADY FOUND SOMEONE: Fix 3d scanned car part model that will be 3d printed,50,False,approved,23,https://www.cgtrader.com/3d-modeling-jobs/browse/140914-i-already-found-someone-fix-3d-scanned-car-part-model-that-will-be-3d-printed,"I scanned a car part with a Revo Pop 2 so that I can 3D print it. Unfortunately, it was a little too complex to come out perfect and some adjustments need to be made. See pictures for details.
Thank You",2026-09-26
2022-04-27,140257,I need MANY CG Vehicles To Be Damaged Then Returned To New,50,False,approved,18,https://www.cgtrader.com/3d-modeling-jobs/browse/140257-i-need-many-cg-vehicles-to-be-damaged-then-returned-to-new,"I do marketing for auto dealers who specialize in rebuilt cars, trucks and SUVs. I want to build up a library of various cars, trucks and SUVs that, when animated, show mild to medium collision damage appear on the car, then it returns to brand new. I am open to 3D vehicles just turning in a 360 as well as 3D vehicles driving through a variety of backgrounds (city, country, etc.)
I need realism, I",2026-09-26
2022-04-19,138458,Sliced Villa with Flat Roof with all Technical Elements,50,True,approved,31,https://www.cgtrader.com/3d-modeling-jobs/browse/138458-sliced-villa-with-flat-roof-with-all-technical-elements,"Need a sliced Villa as attached pictrure, but also need a garage space for car and swimming pool. And need it in Sketch up raw file",2026-09-26
2022-04-17,138252,Turn a conceptual electric car design into a realistic animated render ,100,True,approved,6,https://www.cgtrader.com/3d-modeling-jobs/browse/138252-turn-a-conceptual-electric-car-design-into-a-realistic-animated-render,"Turn a conceptual electric car design into a realistic animated render , any 3d software but most important is to be realistic  ",2026-09-26
2022-04-06,136353,Car Modellers,80,False,approved,32,https://www.cgtrader.com/3d-modeling-jobs/browse/136353-car-modellers,Looking for vehicle developers who can make interior and exterior 3d models of vehicles. Must be high quality and able to work with low poly counts. ,2026-09-26
2022-03-20,132803,Character creation and design sci-fi/cyberpunk theme that will be a 3d model playable in Unreal engine 5,125,False,approved,16,https://www.cgtrader.com/3d-modeling-jobs/browse/132803-character-creation-and-design-sci-fi-cyberpunk-theme-that-will-be-a-3d-model-playable-in-unreal-engine-5,"Looking to build out sever characters and different species for a game for unreal engine 5 and it will be played in VR,  we will have a sci-fi/cyberpunk theme, we are starting small but as this project so will the about of work we will need. let me know if you have any questions! we will also be looking as being able to use these designs with a high-end 3d resin printer.",2026-09-26
2022-03-20,132797,Focus interior 3D model ,120,False,approved,28,https://www.cgtrader.com/3d-modeling-jobs/browse/132797-focus-interior-3d-model,Looking for a vehicle modeller for quite a few projects but starting with the focus interior in a model I already have,2026-09-26
2022-03-18,132609,CINEMA 4D - 3D rendering engine conversion,60,False,approved,12,https://www.cgtrader.com/3d-modeling-jobs/browse/132609-cinema-4d-3d-rendering-engine-conversion,"Hi there Im looking for converting 3D products from Redshif into Arnold (CPU) and Native c4d materials (two seperate formats) 
Source files are mandatory. Indicative work attached.

Materials are among others, paper carton, glass, aluminium, plastic etc.",2026-09-26
2022-03-14,131647,Looking for Vehicle Modellers ,75,True,approved,37,https://www.cgtrader.com/3d-modeling-jobs/browse/131647-looking-for-vehicle-modellers,"I am looking for experienced modellers to join a team to model vehicle for a variety of games, we take on custom orders and list things within our discord so there is money to be spent on models.

Desired Tris count: no more than 200k

Please Message if interested.",2026-09-26
2022-03-02,128848,R211 subway car in HO scale,100,True,approved,22,https://www.cgtrader.com/3d-modeling-jobs/browse/128848-r211-subway-car-in-ho-scale,R211 subway car in HO scale for my model train layout,2026-09-26
2022-02-22,126920,Creating a landscape in 3ds max Blender and an unreal engine,100,False,approved,13,https://www.cgtrader.com/3d-modeling-jobs/browse/126920-creating-a-landscape-in-3ds-max-blender-and-an-unreal-engine,"Need to arrange a master material of soil and rocks , interactive water, plants and some buildings on the terrane? The size of the crater is 4x4 km",2026-09-26
2022-02-22,126793,1/25 40's Lincoln engine,50,True,approved,17,https://www.cgtrader.com/3d-modeling-jobs/browse/126793-1-25-40-s-lincoln-engine,"Hi,
Has anyone done the 40's Lincoln V12 in 1/25 scale files for printing yet?

I'm looking for some files to print a hot rod style Lincoln V12 motors with both standard side valve heads as well 
as the Ardun style heads. Would also be good to have multible carby set ups avalible as well as a top mount blower 
of some style.
I'm after these for my own private use as I build a few hotrod models, bu",2026-09-26
2022-02-08,123537,TEXTURE VEHICLE FOR GAME UE5,100,False,approved,10,https://www.cgtrader.com/3d-modeling-jobs/browse/123537-texture-vehicle-for-game-ue5,"**I have a model of a police vehicle, rigged.
Designed on 3ds Max 2012 | V-Ray 2.3
3ds Max 2012 | Default Scanline
No .fbx or .obj file**

3D MODÈLE CARACTÉRISTIQUES:
Textures: 
Materials | UV mapped | non-overlapping UV unwrapped

1) I need to change the silkscreen of the vehicle 
2) **Make it compatible for real time game on UE5**
3) Make the flashing lights work 
4) Make the vehicle run",2026-09-26
2022-02-02,122181,need car modeled corolls liftback,50,False,approved,31,https://www.cgtrader.com/3d-modeling-jobs/browse/122181-need-car-modeled-corolls-liftback,1978 corolla sr5 liftback. need it for 3d printing 1/24 scale can get more pictures.,2026-09-26
2022-02-01,121828,Al SAWAT GAS STATION,50,True,approved,38,https://www.cgtrader.com/3d-modeling-jobs/browse/121828-al-sawat-gas-station,"DESIGN A GAS STATION INCLUDES ALL SERVIECES  ( COOFFE , MARCKET, WC, AND CAR SERVICES ) ",2026-09-26
2022-01-27,120764,GMC Savana,350,True,approved,36,https://www.cgtrader.com/3d-modeling-jobs/browse/120764-gmc-savana,"I need somone that could do this Vehicle with Interior
Later on it will be implemented on my DayZ Server as driverable Vehicle so it needs Textures too
This site https://www.flickr.com/photos/callatic/with/51845062303/ is later the Modder who will get it to work ingame
and this should be a little help to understand what i need too ;)",2026-09-26
2022-01-20,118985,Navistar MV 5000 from 2008 modeled for American truck Simulator,300,False,approved,39,https://www.cgtrader.com/3d-modeling-jobs/browse/118985-navistar-mv-5000-from-2008-modeled-for-american-truck-simulator,"Navistar MV 5000  modeled for American truck Simulator.  Full interior and exterior.   With no errors.  The model must conform to ScS standards. I will have someone else do the rest of the work to make it useable in the American truck Simulator unless you are able to do so.  I will be using this model for my personal use only.  
It will not be sold to anyone else.

https://www.navistardefense.com/",2026-09-26
2022-01-17,118519,Opel Manta B Tuning version 3D template,50,True,approved,17,https://www.cgtrader.com/3d-modeling-jobs/browse/118519-opel-manta-b-tuning-version-3d-template,"I am looking for a printable body 3D model for the car in the picture so that we can use it for 3D printing of the body. 
We would need .stp format",2026-09-26
2022-01-17,118502,Looking for someone to make me some blueprints and Cpp in unreal engine 4,1000,False,approved,11,https://www.cgtrader.com/3d-modeling-jobs/browse/118502-looking-for-someone-to-make-me-some-blueprints-and-cpp-in-unreal-engine-4,"Hi
I am looking for someone to make me some blueprints and C++ in unreal engine 4
I need Inventory system, crafting system, melee attack, bow shooting, crossbow shooting,... And all of that must be connected with ALS V4. ALS V4 is project in unreal engine marketplace and it is free.
Contact me for more details.",2026-09-26
2022-01-11,117002,I want a custome super car model,100,False,approved,5,https://www.cgtrader.com/3d-modeling-jobs/browse/117002-i-want-a-custome-super-car-model,contact me  it's a private project,2026-09-26
2022-01-09,116350,Find the capable you,160,True,approved,25,https://www.cgtrader.com/3d-modeling-jobs/browse/116350-find-the-capable-you,"This is HIDROMEK HMK640WL loader. I need you to help me complete the vehicle modeling. Except for the interior cabin, the restoration degree of the whole vehicle can reach about 85%. If you are not satisfied with the price, we can renegotiate, but I hope the gap is not too big. You can also check the details on the official website and then quote to me",2026-09-26
2022-01-09,116346,you do you come,150,True,approved,31,https://www.cgtrader.com/3d-modeling-jobs/browse/116346-you-do-you-come,This is the JCB457 loader，I need you to complete the modelling of the entire vehicle excluding the interior cabin，The reduction degree is above 85% of the original car ratio。If you are not satisfied with the price we can renegotiate But we still hope not to exceed the price by a lot,2026-09-26
2021-12-30,114503,"Unreal Engine Cinematics, Character Creations, META Humans.. Unity and CryEngine ",1503,False,approved,23,https://www.cgtrader.com/3d-modeling-jobs/browse/114503-unreal-engine-cinematics-character-creations-meta-humans-unity-and-cryengine,Looking for someone or a group of people to create unreal engine short films and movies with. Im and in transition from making films with GTA 5 and feel like its sime to elevate. I have access to 3D models and different assets. I am also looking for someome who can create characters and the ability to do custom animations as well. Please send a detailed portfolio and or website. Looking for fast r,2026-09-26
2021-12-26,113081,car,50,True,approved,4,https://www.cgtrader.com/3d-modeling-jobs/browse/113081-car,> ,2026-09-26
2021-12-25,113040,BMW 7-Serie,200,True,approved,12,https://www.cgtrader.com/3d-modeling-jobs/browse/113040-bmw-7-serie,"BMW 745i XDrive Light Interior, scale 
1:10",2026-09-26
2021-12-25,113037,Mercedes-benz S-Class,200,True,approved,20,https://www.cgtrader.com/3d-modeling-jobs/browse/113037-mercedes-benz-s-class,"Mercedes-Benz S580 4Matic L Manufaktur interior, scale 1:10",2026-09-26
2021-12-21,112174,Diecast Car Figurette,50,True,approved,4,https://www.cgtrader.com/3d-modeling-jobs/browse/112174-diecast-car-figurette,"
Hello, I want to use diecast cars next to them, I want to make human figures. You can help us. Like Racing Driver, Auto Mechanic, curious people.. 10/15 model. Please specify price and model. thanks..",2026-09-26
2021-12-20,111737,"I want a figure for the diecast car model. Like a girl, a pilot, a mechanic, a racer.",50,True,approved,5,https://www.cgtrader.com/3d-modeling-jobs/browse/111737-i-want-a-figure-for-the-diecast-car-model-like-a-girl-a-pilot-a-mechanic-a-racer,"Scele 1/18, 1/24, 1/43, 1/64 I want printer work for 3d modeling in dimensions. I would like information about examples. I want to see what you can do.",2026-09-26
2021-11-19,104290,1/7 scale RC car body shell,120,False,approved,7,https://www.cgtrader.com/3d-modeling-jobs/browse/104290-1-7-scale-rc-car-body-shell,"looking to see if is possible to make a 1/7 scale body shell for My ARRMA infraction. I will provide specs for perfect fitment. what I'm looking to replicate is a Mitsubishi evo 8

dimensions: (L)695mm x (W)310mm x (H)200mm
wheelbase: 406mm

The wing that the reference picture have must be detachable
also I add one foto of the rc that this will go for reference also",2026-09-26
2021-11-16,103604,Ford zodiac mk3 1965,100,True,approved,5,https://www.cgtrader.com/3d-modeling-jobs/browse/103604-ford-zodiac-mk3-1965,"I would like a body to print in 1/24 scale, interior and chassis details are not ",2026-09-26
2021-10-26,99513,PBR Textirung Car Interior and render ,100,False,approved,31,https://www.cgtrader.com/3d-modeling-jobs/browse/99513-pbr-textirung-car-interior-and-render,"We need to UV and texturize two racing car pits.
 as well as rendering. Substance painter work is obligatory. Hope for long-term cooperation on an ongoing basis. Requirement, good experience texturing and uv creation in automotive theme.Write and we will discuss the budget",2026-09-26
2021-10-23,99107,5 Car solidification,50,False,approved,5,https://www.cgtrader.com/3d-modeling-jobs/browse/99107-5-car-solidification,Request 5 Car solidification ,2026-09-26
2021-10-21,98886,Fantasy project Unreal Engine 5 ,1000,False,approved,33,https://www.cgtrader.com/3d-modeling-jobs/browse/98886-fantasy-project-unreal-engine-5,"Hello Freelancers ,

Am working on a socio fantasy war kind of short film and need someone to kick start with environments and character designs , Environments are forest village a snow town and a fish town . This project will extend but this is just to find the right people for the job .  These are fantasy environments and you can take it to any level you want .

Forest environment include : 3-4 ",2026-09-26
2021-10-18,98448,car,50,True,approved,5,https://www.cgtrader.com/3d-modeling-jobs/browse/98448-car,car,2026-09-26
2021-10-06,96306,Looking for someone who can design custom air ride suspension and 4 link setups for cars and trucks.,75,True,approved,21,https://www.cgtrader.com/3d-modeling-jobs/browse/96306-looking-for-someone-who-can-design-custom-air-ride-suspension-and-4-link-setups-for-cars-and-trucks,"As stated in title, im looking for someone who can correctly design custom air ride and 4 link setups for custom 1/24 and 1/25 scale model builds. I also have vehicle designs that id like aswell if skilled enough to design them as complete kits to be pronted and built. Something along the lines of what is pictured would be great. Thank you!",2026-09-26
2021-10-04,96040,1973 Oldsmobile Delta 88 Royale aka The Sam Rami Car - Body Shell STL,50,True,approved,32,https://www.cgtrader.com/3d-modeling-jobs/browse/96040-1973-oldsmobile-delta-88-royale-aka-the-sam-rami-car-body-shell-stl,"Recently I've been trying to find an stl of a 1973 Oldsmobile Delta 88 Royale, which for those who are fans of Sam Rami's work will know this is the car that appears in all his films, Ash's car in the Evil Dead, Uncle Ben's car in Spiderman etc.

Anyway I have looked online various places and whilst I can find many other Oldsmobile stl's for a reasonable price (£7-£20) it seems no one has ever don",2026-09-26
2021-09-30,95672,3D Model of my First Car needed for BeamNG.Drive For Free,52,True,approved,20,https://www.cgtrader.com/3d-modeling-jobs/browse/95672-3d-model-of-my-first-car-needed-for-beamng-drive-for-free,"Hey, i need a 3d model of my car, a Black 2000 Mustang GT, im trying to make a car for BeamNG.Drive so i can drive it again, high quality also so  it looks good in game

It needs exterior, and interior, no wheels

also i need it free, it wont let me put it as free idk why",2026-09-26
2021-09-29,95418,jdm car,50,True,approved,10,https://www.cgtrader.com/3d-modeling-jobs/browse/95418-jdm-car,"jdm wide body
",2026-09-26
2021-09-28,95234,Lighthouse Near Water Unreal Engine Game Ready,200,False,approved,31,https://www.cgtrader.com/3d-modeling-jobs/browse/95234-lighthouse-near-water-unreal-engine-game-ready,A game ready map similar to the screenshots. Wooden defenese props similar to screenshot should be individual. Interior with several floors and entrance to the balcony of the lighthouse.,2026-09-26
2021-08-31,90835,Chrysler 200 S 2015,50,True,approved,17,https://www.cgtrader.com/3d-modeling-jobs/browse/90835-chrysler-200-s-2015,"I am looking for an STL for a Chrysler 200 S 2015. What I am going after is essentially the hot wheel version of this car (also see the die-cast model in description). I am not looking for high resolution, all I am going for is a believely accurate exterior shape (wheel wells, door/trunk/hood outline, door handle). I don't require anything about the model to be functional. The interior is optional",2026-09-26
2021-08-28,90504,Harold and Maude movie Jag-hearse car rc car body ,50,True,approved,16,https://www.cgtrader.com/3d-modeling-jobs/browse/90504-harold-and-maude-movie-jag-hearse-car-rc-car-body,"Wanting a 1/8  scale  body shell  file  of the exterior and interior of the car as well as  a 2 piece coffin for the rear cargo area 12 1/2 ' wheelbase and 1 0 inch track width 
 Ender 5pro printer compatible format ",2026-09-26
2021-08-24,89875,dale earnhardt race car,50,True,approved,23,https://www.cgtrader.com/3d-modeling-jobs/browse/89875-dale-earnhardt-race-car,i want a model car of dale earnhardt senior ... the number 3 car,2026-09-26
2021-08-23,89681,Need someone to make a Front bumper mold.,200,False,approved,20,https://www.cgtrader.com/3d-modeling-jobs/browse/89681-need-someone-to-make-a-front-bumper-mold,I have a 2011 BMW 535I That i need a Mold of the front bumper that I can use for Polypropylene InjectioInjectionsInjectionsInjectioInjectionsInjections. I am trying to use the mold to make front bumpebumpes of the car using a polypropylene injector. CaCan somsomeonesomsomeone please do that for me? What would be the price? I have a 3D printer but it's way too small to create a bummebumper let alon,2026-09-26
2021-08-14,88715,M113 1/2 or M113 C&V  Vehicle,1200,True,approved,64,https://www.cgtrader.com/3d-modeling-jobs/browse/88715-m113-1-2-or-m113-c-v-vehicle,"Looking for a detailed model of a M113 C&V ""Lynx"", a Canadian Light Tank/ Reconnaissance Patrol Vehicle based off of the M113 Chassis. I wish to port it into Arma 3 for a mod I am putting together.

Exactly what I am looking for is someone who shows interest in the Cold War Era and in Arma 3. 

The Vehicle must be animated (opening and closing hatches, moving tracks, pretty much Rigged to be porte",2026-09-26
2021-07-08,83793,3d car models that can be cut at CNC,100,True,approved,7,https://www.cgtrader.com/3d-modeling-jobs/browse/83793-3d-car-models-that-can-be-cut-at-cnc,"Hello,

I am looking for 3d models of cars and parts like hoods, rear hood and front bumpers that can be cut at a CNC. I need the models to be scalled. I am looking for BMW parts, VW group (VW, Audi, Skoda).  If you have any other cars or parts that could be sent to a CNC to be cut out of foam please let me know. I need the models in order to make molds and create fiberglass parts.

Thank you,
Rad",2026-09-26
2021-07-08,83716,3d car models to scale needed,100,True,approved,34,https://www.cgtrader.com/3d-modeling-jobs/browse/83716-3d-car-models-to-scale-needed,"Hello,

I am looking for 3d models of: BMW e36 (coupe and sedan), e46 (coupe and sedan) ad e92. Also if you have any other 3d models of any cars just let me know.

Thank you,
Radu ",2026-09-26
2021-07-06,83406,1971-73 Dodge Challenger interior only,50,False,approved,20,https://www.cgtrader.com/3d-modeling-jobs/browse/83406-1971-73-dodge-challenger-interior-only,Need an interior for a 71-73 Challenger. Car exterior model will be provided for modeling reference.,2026-09-26
2021-06-29,82493,"Need CRY-ENGINE Game Developers, Designers, modelers, idea presenters, etc",50,True,approved,14,https://www.cgtrader.com/3d-modeling-jobs/browse/82493-need-cry-engine-game-developers-designers-modelers-idea-presenters-etc,"      I Need CRY-ENGINE Game Developers, Designers, Animators, Scripters, idea presenters, etc.
     AH.Productions is a new game developement company looking forward to hireing, enjoying time as a community, and of course MAKING SOME SICK GAMES for everyone to enjoy!
   We will work on a small game for a little bit while our designers and artists begin to brainstorm the LARGE Game, and publish to",2026-09-26
2021-06-18,81044,C.A car,250,True,approved,30,https://www.cgtrader.com/3d-modeling-jobs/browse/81044-c-a-car,The project of My ca car,2026-09-26
2021-06-13,79954,Nissan Vanette Largo ,100,True,approved,40,https://www.cgtrader.com/3d-modeling-jobs/browse/79954-nissan-vanette-largo,"
I need a model, offer your amount. there must be a frame, bridges and a body without interior decoration.",2026-09-26
2021-05-23,76582,Offroad Car Snorkel,50,True,approved,12,https://www.cgtrader.com/3d-modeling-jobs/browse/76582-offroad-car-snorkel,"I would like to someone to create a super low poli / tri snorkel - ( FOR FREE )

Hopefully someone could do it just for fun for no pay and just try it out. Ill take anything.",2026-09-26
2021-05-08,74017,Mustang modified 3D model in fog,200,True,approved,24,https://www.cgtrader.com/3d-modeling-jobs/browse/74017-mustang-modified-3d-model-in-fog,this mustang is a fantasy war ship and anime war zone carthis is not a perfact modal but this is a light prodact by me.,2026-09-26
2021-04-29,72545,Claymation-style 3D character for Unreal Engine,200,False,approved,20,https://www.cgtrader.com/3d-modeling-jobs/browse/72545-claymation-style-3d-character-for-unreal-engine,"Seeking a character designer to create and rig a 3D anthropomorphic  animal character for Unreal Engine in 'claymation' style, eg Aardman, Laika. ",2026-09-26
2021-04-21,71025,"Create ranges of add-ons, bits and bases for 28mm miniatures [ongoing work as well]",2000,False,approved,55,https://www.cgtrader.com/3d-modeling-jobs/browse/71025-create-ranges-of-add-ons-bits-and-bases-for-28mm-miniatures-ongoing-work-as-well,"I am looking for one (or multiple) freelance 3D modellers to create ranges of add-ons, bits and bases for use with 28mm miniatures, such as Warhammer 40,000. 

The idea is that every two months/every quarter, there will be a themed release of STL files with a variety of bits (such as different arms, weapons, heads, etc, etc for 28mm scale), add-ons (such as general equipment, e.g, vehicle bits, et",2026-09-26
2021-03-18,66001,Toon Stylized Cars,50,False,approved,56,https://www.cgtrader.com/3d-modeling-jobs/browse/66001-toon-stylized-cars,"I need  3D toon models of some cars like shown in example. I will provide the reference model file for you to check the poly count and the details.
Model must be lowpoly and can easily be subdivided. Creativity will be needed in this projects since referance images will be real cars. Models need to be stlized liked shown in examples.
I will need bunch of them if I am happy with the model. No textu",2026-09-26
2021-03-09,64438,Chevrolet tahoe gmt400 2doors ,50,True,approved,17,https://www.cgtrader.com/3d-modeling-jobs/browse/64438-chevrolet-tahoe-gmt400-2doors,"hello, how much will it take to model the body and interior of the chevrolet tahoe gmt400 2doors for printing, added a photo of an example of work.",2026-09-26
2021-02-19,61098,The Diamond Ninja and The Gold Ninja hero cars,50,False,approved,22,https://www.cgtrader.com/3d-modeling-jobs/browse/61098-the-diamond-ninja-and-the-gold-ninja-hero-cars,Super heros sports cars that are faster then the most fasts car in the world,2026-09-26
2021-02-17,60618,I need a vaporwave-y 80's sport car.,50,False,approved,22,https://www.cgtrader.com/3d-modeling-jobs/browse/60618-i-need-a-vaporwave-y-80-s-sport-car,Looking for some 80's type vaporwave themed sport car.,2026-09-26
2021-02-16,60379,3D model car,200,True,approved,41,https://www.cgtrader.com/3d-modeling-jobs/browse/60379-3d-model-car," 
 	I need this model with exterior and interior details, and I need to know the cost and how many days to collect this model from the website?	 
 ",2026-09-26
2021-02-11,59768,3D Modeling  &  PHOTO REALISTIC PRODUCT RENDERING FOR THE WEB ,100,False,approved,28,https://www.cgtrader.com/3d-modeling-jobs/browse/59768-3d-modeling-photo-realistic-product-rendering-for-the-web,"** We are looking to make a 3d mode of a baseball gloves. 
** (we will provide images/or actural product/ videos ) 
PHOTO REALISTIC PRODUCT RENDERING FOR THE WEB under 10mbs
-These model will be used for a webgl ( web 3d customizer  configurator ) to change its colors.
-WE NEED TO upload them on the web as a ***realistic looking product on web. - (Picture of 3d car seat configurator) *** 
****(che",2026-09-26
2021-02-04,58554,Automotive 3D modeling and prototyping,70,False,approved,33,https://www.cgtrader.com/3d-modeling-jobs/browse/58554-automotive-3d-modeling-and-prototyping,Looking for an experienced and skilled 3D automotive artist to render and prototype 1/12 scale car models. Attached a photo of an example of a finished product.,2026-09-26
2021-02-03,58473,designer truck,50,True,approved,12,https://www.cgtrader.com/3d-modeling-jobs/browse/58473-designer-truck,"A truck or lorry is a motor vehicle designed to transport cargo. Trucks vary greatly in size, power, and configuration. Smaller varieties may be mechanically similar to some automobiles. Wikipedia",2026-09-26
2021-01-18,55827,f1 car,50,True,approved,18,https://www.cgtrader.com/3d-modeling-jobs/browse/55827-f1-car,i would like a 2022 f1 car ,2026-09-26
2021-01-13,55359,2004 Mk4 r32 3d print model,75,True,approved,27,https://www.cgtrader.com/3d-modeling-jobs/browse/55359-2004-mk4-r32-3d-print-model,Im looking to have a 3d model desinged of the hollow body/shell of the Mk4 r32 2004 volkswagen. to be 3D printed in a few peices to make a rc car.,2026-09-26
2021-01-10,54928,32mm Table top bike designs,60,False,approved,23,https://www.cgtrader.com/3d-modeling-jobs/browse/54928-32mm-table-top-bike-designs,"I'm looking for custom designs for a miniature painting business I'm trying to start from home.  I'm looking for ""anti-gravity"" based vehicles in 32mm to enhance projects that I have started .  Armored bike and armored heavy/attack bike with side mounted, modular primary weapons with forward facing, small calibre smgs included on the attack bike. Both with enclosed armored cockpit similar to the b",2026-09-26
2021-01-02,53977,PBR Texture 3D Car Model,50,True,approved,29,https://www.cgtrader.com/3d-modeling-jobs/browse/53977-pbr-texture-3d-car-model,"Hello, I found a car model that I want to be PBR textured. I have attached the car model to this project.",2026-09-26
2020-12-20,52706,car,50,False,approved,9,https://www.cgtrader.com/3d-modeling-jobs/browse/52706-car,"using ultrasonic sensor and arduino uno and node mcu
",2026-09-26
2020-12-18,52534,REBEL CAR AND BULLET BIKE GOLD AND SILVER,50,True,approved,9,https://www.cgtrader.com/3d-modeling-jobs/browse/52534-rebel-car-and-bullet-bike-gold-and-silver,"REBEL CAR AND BULLET BIKE
GOLD AND SILVER
THIS IS A MODEL MADE BY A KID
SO PLEASE BUY IT",2026-09-26
2020-12-11,51682,Looking for Designer who can help me to make RV Bus,100,False,approved,64,https://www.cgtrader.com/3d-modeling-jobs/browse/51682-looking-for-designer-who-can-help-me-to-make-rv-bus,"Looking for a designer who can help me to make RV Bus
Need to Make a 3D model and require to Rendering for an Interior and exterior design. 

I am happy to share detailed specifications. Please apply here or message me for more details. ",2026-09-26
2020-12-09,51433,Tesla,100,True,approved,18,https://www.cgtrader.com/3d-modeling-jobs/browse/51433-tesla,Tesla roadster electric car,2026-09-26
2020-12-08,51187,drag car parts rear end and a intake and some headers ,50,True,approved,19,https://www.cgtrader.com/3d-modeling-jobs/browse/51187-drag-car-parts-rear-end-and-a-intake-and-some-headers,hi am looking to get a few parts made and looking for  a quote i have a lot of reference pictures for what I want i don't have a dead set deadline i want it as soon as possible I understand this stuff takes time and i can be flexible on the quote might buy one item or a few ,2026-09-26
2020-12-02,50686,"Looking for branded jewelry designs (Cartier, Bulgari, Van Cleef, Louis Vuitton)",50,False,approved,20,https://www.cgtrader.com/3d-modeling-jobs/browse/50686-looking-for-branded-jewelry-designs-cartier-bulgari-van-cleef-louis-vuitton,"Looking for someone who has designs exactly like high end branded jewelry

Would prefer designs like cartier, bulgari and van cleef. 

The designs should be exactly the same as the company makes. 

",2026-09-26
2020-12-02,50602,Low poly vehicles,600,False,approved,40,https://www.cgtrader.com/3d-modeling-jobs/browse/50602-low-poly-vehicles,"Wanted - Several custom low poly vehicles

1x aircraft
1x car
3x ships

Style & texturing should be similar to Synty Polygon assets:
https://syntystore.com/collections/frontpage/products/polygon-battle-royale-pack
https://syntystore.com/collections/frontpage/products/polygon-military-pack
https://syntystore.com/collections/frontpage/products/polygon-city-pack

Will be used in Unity 2019+
Some sepe",2026-09-26
2020-11-16,49012,ferrari enzo full 3D model,50,True,approved,24,https://www.cgtrader.com/3d-modeling-jobs/browse/49012-ferrari-enzo-full-3d-model,"Hello
I need a 3D Ferrari Enzo model with all the details of a real Enzo model
interior and exterior and engin details

",2026-09-26
2020-11-06,48052,Develop a 3d car,50,True,approved,52,https://www.cgtrader.com/3d-modeling-jobs/browse/48052-develop-a-3d-car,"Well, I'm developing a game and I'd like to hire a 3d developer for a Chevrolet Prisma 2014 I'm looking for low prices and good jobs, people to hire later if I need more models.  I'm able to pay until BRL 50,00.",2026-09-26
2020-10-28,47244,Desigen 3d map for Unity3D for car raceing game,100,False,approved,13,https://www.cgtrader.com/3d-modeling-jobs/browse/47244-desigen-3d-map-for-unity3d-for-car-raceing-game,"Hello 
i want designer that have knowledge about Unity systems
and design road and terriens
please before we discuss the details about the work first show me you some of your work",2026-09-26
2020-10-05,44814,Car Designs,200,True,approved,41,https://www.cgtrader.com/3d-modeling-jobs/browse/44814-car-designs,"High quality 3D model of the following vehicles:

Lamborghini SC18 Alston
Lamborghini Huracan Performante Spyder
Lamborghini Veneno Roadster

Interior design and exterior functions necassary. Models will be used for real-life replicas. Please use same colors in the pictures.",2026-09-26
2020-09-28,44180,Automotive 3D Modeling,500,False,approved,100,https://www.cgtrader.com/3d-modeling-jobs/browse/44180-automotive-3d-modeling,"Automotive company searching for a 3D Designer to texture, color and combine OBJ files that have already been created. Will provide you with all the 3D objects as they have already been made. We just need a designer to combine these items in client requested combinations. This will predomintently include adding vehicle accessories (wheels, tires, lights, etc) to a 3D base vehicle and which has als",2026-09-26
2020-09-04,41709,Raptor Engine,300,False,approved,34,https://www.cgtrader.com/3d-modeling-jobs/browse/41709-raptor-engine,"I want a full model of the SpaceX raptor rocket engine with all its details, and label all the small pipes and wires. I put photos for you but if this isn't enough you can search spacex raptor and find images there but pleas try to use the real ones taken in real life. You can also use this video where it shows the raptor engine close up.",2026-09-26
